{"_href":"https://api-info-act.keno.com.au/v2/info/history?jurisdiction=ACT","_type":"application/vnd.tabcorp.keno.collection;content=application/vnd.tabcorp.keno.game.complete","items":[{"_type":"application/vnd.tabcorp.keno.game.complete","closed":"2021-09-08T16:41:20.071Z","game-number":635,"draw":[39,13,29,42,10,47,33,69,11,55,15,22,80,31,14,3,53,7,66,46],"variants":{"heads-or-tails":{"result":"heads","heads":12,"tails":8}}},{"_type":"application/vnd.tabcorp.keno.game.complete","closed":"2021-09-08T16:44:00.071Z","game-number":636,"draw":[68,15,62,4,31,34,39,1,9,38,18,43,57,12,6,75,29,42,23,71],"variants":{"heads-or-tails":{"result":"heads","heads":13,"tails":7}}},{"_type":"application/vnd.tabcorp.keno.game.complete","closed":"2021-09-08T16:46:40.919Z","game-number":637,"draw":[67,47,9,14,70,52,30,31,22,44,74,59,41,46,1,3,28,2,73,24],"variants":{"heads-or-tails":{"result":"evens","heads":10,"tails":10}}},{"_type":"application/vnd.tabcorp.keno.game.complete","closed":"2021-09-08T16:49:20.161Z","game-number":638,"draw":[7,48,49,1,29,32,72,59,76,45,61,15,23,35,71,33,54,30,18,10],"variants":{"heads-or-tails":{"result":"heads","heads":11,"tails":9}}},{"_type":"application/vnd.tabcorp.keno.game.complete","closed":"2021-09-08T16:52:00.080Z","game-number":639,"draw":[15,51,76,70,62,24,19,57,41,18,28,33,53,48,71,34,21,45,11,22],"variants":{"heads-or-tails":{"result":"evens","heads":10,"tails":10}}},{"_type":"application/vnd.tabcorp.keno.game.complete","closed":"2021-09-08T16:54:40.090Z","game-number":640,"draw":[70,15,39,21,35,32,27,76,11,49,30,59,34,61,1,14,42,17,75,16],"variants":{"heads-or-tails":{"result":"heads","heads":13,"tails":7}}},{"_type":"application/vnd.tabcorp.keno.game.complete","closed":"2021-09-08T16:57:20.091Z","game-number":641,"draw":[32,28,34,66,79,42,29,3,7,60,76,78,71,37,49,18,63,19,22,30],"variants":{"heads-or-tails":{"result":"heads","heads":11,"tails":9}}},{"_type":"application/vnd.tabcorp.keno.game.complete","closed":"2021-09-08T17:00:00.074Z","game-number":642,"draw":[61,33,22,71,64,50,54,49,8,78,18,15,51,24,75,28,65,6,5,19],"variants":{"heads-or-tails":{"result":"evens","heads":10,"tails":10}}},{"_type":"application/vnd.tabcorp.keno.game.complete","closed":"2021-09-08T17:02:40.933Z","game-number":643,"draw":[67,34,62,56,59,41,46,51,71,3,69,70,8,32,45,37,54,24,40,21],"variants":{"heads-or-tails":{"result":"tails","heads":8,"tails":12}}},{"_type":"application/vnd.tabcorp.keno.game.complete","closed":"2021-09-08T17:05:20.118Z","game-number":644,"draw":[35,14,62,70,11,33,78,15,56,26,73,2,52,13,63,50,28,71,54,57],"variants":{"heads-or-tails":{"result":"tails","heads":9,"tails":11}}},{"_type":"application/vnd.tabcorp.keno.game.complete","closed":"2021-09-08T17:08:00.096Z","game-number":645,"draw":[40,34,16,51,26,72,33,66,49,10,11,2,50,58,75,6,61,64,35,29],"variants":{"heads-or-tails":{"result":"heads","heads":11,"tails":9}}},{"_type":"application/vnd.tabcorp.keno.game.complete","closed":"2021-09-08T17:10:40.910Z","game-number":646,"draw":[37,55,22,9,57,25,45,76,72,61,62,47,50,69,78,17,26,18,74,56],"variants":{"heads-or-tails":{"result":"tails","heads":7,"tails":13}}},{"_type":"application/vnd.tabcorp.keno.game.complete","closed":"2021-09-08T17:13:20.985Z","game-number":647,"draw":[33,60,2,57,12,63,3,77,43,47,69,27,10,67,44,45,21,62,71,41],"variants":{"heads-or-tails":{"result":"tails","heads":7,"tails":13}}},{"_type":"application/vnd.tabcorp.keno.game.complete","closed":"2021-09-08T17:16:00.063Z","game-number":648,"draw":[7,26,42,15,49,3,68,30,31,29,43,23,66,5,37,77,79,56,2,4],"variants":{"heads-or-tails":{"result":"heads","heads":12,"tails":8}}},{"_type":"application/vnd.tabcorp.keno.game.complete","closed":"2021-09-08T17:18:40.153Z","game-number":649,"draw":[58,51,67,52,3,30,14,17,36,2,27,61,44,45,25,12,66,59,65,56],"variants":{"heads-or-tails":{"result":"tails","heads":9,"tails":11}}},{"_type":"application/vnd.tabcorp.keno.game.complete","closed":"2021-09-08T17:21:20.157Z","game-number":650,"draw":[36,43,59,7,29,61,75,64,17,28,13,15,50,65,71,6,37,49,48,14],"variants":{"heads-or-tails":{"result":"evens","heads":10,"tails":10}}},{"_type":"application/vnd.tabcorp.keno.game.complete","closed":"2021-09-08T17:24:00.957Z","game-number":651,"draw":[3,19,48,77,57,61,33,56,54,40,63,2,23,67,10,52,79,1,21,78],"variants":{"heads-or-tails":{"result":"tails","heads":9,"tails":11}}},{"_type":"application/vnd.tabcorp.keno.game.complete","closed":"2021-09-08T17:26:40.124Z","game-number":652,"draw":[31,37,7,28,67,32,77,56,62,49,66,3,25,60,10,55,51,36,79,65],"variants":{"heads-or-tails":{"result":"tails","heads":9,"tails":11}}},{"_type":"application/vnd.tabcorp.keno.game.complete","closed":"2021-09-08T17:29:20.098Z","game-number":653,"draw":[77,44,62,28,46,8,61,4,47,34,66,67,65,18,80,60,70,30,49,57],"variants":{"heads-or-tails":{"result":"tails","heads":6,"tails":14}}},{"_type":"application/vnd.tabcorp.keno.game.complete","closed":"2021-09-08T17:32:00.078Z","game-number":654,"draw":[65,63,70,18,45,46,1,44,32,38,60,71,14,72,43,7,31,59,21,29],"variants":{"heads-or-tails":{"result":"tails","heads":9,"tails":11}}},{"_type":"application/vnd.tabcorp.keno.game.complete","closed":"2021-09-08T17:34:40.076Z","game-number":655,"draw":[44,35,3,36,50,23,22,31,58,11,16,67,46,79,57,68,34,1,80,41],"variants":{"heads-or-tails":{"result":"evens","heads":10,"tails":10}}},{"_type":"application/vnd.tabcorp.keno.game.complete","closed":"2021-09-08T17:37:20.088Z","game-number":656,"draw":[3,59,47,55,64,16,76,63,74,45,51,24,37,68,18,10,2,69,36,41],"variants":{"heads-or-tails":{"result":"tails","heads":8,"tails":12}}},{"_type":"application/vnd.tabcorp.keno.game.complete","closed":"2021-09-08T17:40:00.128Z","game-number":657,"draw":[18,75,15,10,73,55,36,8,24,57,65,52,48,58,23,30,67,4,37,35],"variants":{"heads-or-tails":{"result":"heads","heads":11,"tails":9}}},{"_type":"application/vnd.tabcorp.keno.game.complete","closed":"2021-09-08T17:42:40.099Z","game-number":658,"draw":[9,41,8,47,16,19,29,40,18,52,48,30,63,60,66,67,65,12,20,70],"variants":{"heads-or-tails":{"result":"evens","heads":10,"tails":10}}},{"_type":"application/vnd.tabcorp.keno.game.complete","closed":"2021-09-08T17:45:20.916Z","game-number":659,"draw":[1,22,49,23,51,18,42,80,28,40,58,32,37,15,3,39,12,20,68,7],"variants":{"heads-or-tails":{"result":"heads","heads":14,"tails":6}}},{"_type":"application/vnd.tabcorp.keno.game.complete","closed":"2021-09-08T17:48:00.102Z","game-number":660,"draw":[68,13,78,49,29,61,75,70,73,50,28,58,72,34,1,47,35,79,19,52],"variants":{"heads-or-tails":{"result":"tails","heads":7,"tails":13}}},{"_type":"application/vnd.tabcorp.keno.game.complete","closed":"2021-09-08T17:50:41.059Z","game-number":661,"draw":[63,2,50,26,9,55,17,73,75,25,21,78,72,49,30,64,48,1,4,66],"variants":{"heads-or-tails":{"result":"tails","heads":9,"tails":11}}},{"_type":"application/vnd.tabcorp.keno.game.complete","closed":"2021-09-08T17:53:21.057Z","game-number":662,"draw":[33,23,16,2,39,61,8,24,30,63,70,11,9,22,36,47,50,43,13,79],"variants":{"heads-or-tails":{"result":"heads","heads":13,"tails":7}}},{"_type":"application/vnd.tabcorp.keno.game.complete","closed":"2021-09-08T17:56:00.911Z","game-number":663,"draw":[43,13,61,47,9,45,49,11,27,16,19,18,46,24,5,7,76,56,26,30],"variants":{"heads-or-tails":{"result":"heads","heads":12,"tails":8}}},{"_type":"application/vnd.tabcorp.keno.game.complete","closed":"2021-09-08T17:58:40.130Z","game-number":664,"draw":[3,49,63,44,69,41,75,11,1,68,20,70,12,59,55,10,54,25,67,48],"variants":{"heads-or-tails":{"result":"tails","heads":7,"tails":13}}},{"_type":"application/vnd.tabcorp.keno.game.complete","closed":"2021-09-08T18:01:21.046Z","game-number":665,"draw":[56,20,60,18,22,53,26,49,8,55,54,24,64,15,50,57,12,41,65,70],"variants":{"heads-or-tails":{"result":"tails","heads":8,"tails":12}}},{"_type":"application/vnd.tabcorp.keno.game.complete","closed":"2021-09-08T18:04:00.052Z","game-number":666,"draw":[29,6,17,11,76,32,23,24,57,1,13,18,65,27,77,35,22,9,80,8],"variants":{"heads-or-tails":{"result":"heads","heads":15,"tails":5}}},{"_type":"application/vnd.tabcorp.keno.game.complete","closed":"2021-09-08T18:06:41.022Z","game-number":667,"draw":[79,31,41,67,20,61,30,43,34,29,16,53,71,18,39,66,44,80,72,62],"variants":{"heads-or-tails":{"result":"tails","heads":8,"tails":12}}},{"_type":"application/vnd.tabcorp.keno.game.complete","closed":"2021-09-08T18:09:20.262Z","game-number":668,"draw":[33,6,27,12,78,26,18,68,32,58,7,60,41,48,42,22,66,4,23,49],"variants":{"heads-or-tails":{"result":"heads","heads":11,"tails":9}}},{"_type":"application/vnd.tabcorp.keno.game.complete","closed":"2021-09-08T18:12:00.089Z","game-number":669,"draw":[76,59,51,17,72,12,33,52,18,56,32,80,50,44,75,15,14,67,69,47],"variants":{"heads-or-tails":{"result":"tails","heads":7,"tails":13}}},{"_type":"application/vnd.tabcorp.keno.game.complete","closed":"2021-09-08T18:14:40.970Z","game-number":670,"draw":[39,18,10,57,25,41,28,68,27,43,46,29,13,24,42,79,72,47,1,32],"variants":{"heads-or-tails":{"result":"heads","heads":11,"tails":9}}},{"_type":"application/vnd.tabcorp.keno.game.complete","closed":"2021-09-08T18:17:20.130Z","game-number":671,"draw":[20,41,10,37,32,7,43,1,68,46,71,64,12,44,72,54,79,24,33,34],"variants":{"heads-or-tails":{"result":"evens","heads":10,"tails":10}}},{"_type":"application/vnd.tabcorp.keno.game.complete","closed":"2021-09-08T18:20:00.097Z","game-number":672,"draw":[71,65,10,36,21,43,22,41,17,53,15,40,3,54,42,5,66,24,68,29],"variants":{"heads-or-tails":{"result":"heads","heads":11,"tails":9}}},{"_type":"application/vnd.tabcorp.keno.game.complete","closed":"2021-09-08T18:22:40.973Z","game-number":673,"draw":[80,53,8,4,63,65,71,52,61,70,72,40,29,5,47,68,59,78,16,38],"variants":{"heads-or-tails":{"result":"tails","heads":7,"tails":13}}},{"_type":"application/vnd.tabcorp.keno.game.complete","closed":"2021-09-08T18:25:20.164Z","game-number":674,"draw":[14,4,40,79,66,47,41,1,5,38,75,33,42,28,49,77,6,30,73,29],"variants":{"heads-or-tails":{"result":"heads","heads":11,"tails":9}}},{"_type":"application/vnd.tabcorp.keno.game.complete","closed":"2021-09-08T18:28:00.074Z","game-number":675,"draw":[57,12,39,66,55,45,69,35,33,64,13,49,29,19,76,43,8,10,25,9],"variants":{"heads-or-tails":{"result":"heads","heads":11,"tails":9}}},{"_type":"application/vnd.tabcorp.keno.game.complete","closed":"2021-09-08T18:30:40.941Z","game-number":676,"draw":[63,77,37,39,68,50,35,73,19,30,61,14,66,52,8,72,10,32,11,43],"variants":{"heads-or-tails":{"result":"evens","heads":10,"tails":10}}},{"_type":"application/vnd.tabcorp.keno.game.complete","closed":"2021-09-08T19:00:00.519Z","game-number":677,"draw":[67,79,11,35,45,16,63,37,3,15,56,40,42,71,34,69,57,39,74,75],"variants":{"heads-or-tails":{"result":"tails","heads":9,"tails":11}}},{"_type":"application/vnd.tabcorp.keno.game.complete","closed":"2021-09-08T19:02:40.146Z","game-number":678,"draw":[69,11,1,56,45,25,48,5,4,29,62,18,59,57,72,6,55,74,44,14],"variants":{"heads-or-tails":{"result":"tails","heads":9,"tails":11}}},{"_type":"application/vnd.tabcorp.keno.game.complete","closed":"2021-09-08T19:05:20.949Z","game-number":679,"draw":[26,47,6,30,27,50,25,12,9,54,59,34,21,10,63,64,42,18,17,46],"variants":{"heads-or-tails":{"result":"heads","heads":12,"tails":8}}},{"_type":"application/vnd.tabcorp.keno.game.complete","closed":"2021-09-08T19:08:00.137Z","game-number":680,"draw":[62,15,53,1,68,21,30,38,42,9,32,31,37,63,12,7,20,70,54,73],"variants":{"heads-or-tails":{"result":"heads","heads":12,"tails":8}}},{"_type":"application/vnd.tabcorp.keno.game.complete","closed":"2021-09-08T19:10:40.101Z","game-number":681,"draw":[32,51,11,63,15,50,14,23,39,8,16,28,6,62,45,12,33,40,46,69],"variants":{"heads-or-tails":{"result":"heads","heads":13,"tails":7}}},{"_type":"application/vnd.tabcorp.keno.game.complete","closed":"2021-09-08T19:13:20.930Z","game-number":682,"draw":[65,69,64,12,54,67,41,40,71,43,31,18,63,62,72,11,57,14,79,35],"variants":{"heads-or-tails":{"result":"tails","heads":7,"tails":13}}},{"_type":"application/vnd.tabcorp.keno.game.complete","closed":"2021-09-08T19:16:00.137Z","game-number":683,"draw":[15,34,11,71,40,69,62,8,80,33,61,43,9,12,74,45,72,46,73,22],"variants":{"heads-or-tails":{"result":"tails","heads":9,"tails":11}}},{"_type":"application/vnd.tabcorp.keno.game.complete","closed":"2021-09-08T19:18:40.068Z","game-number":684,"draw":[27,5,6,16,43,52,38,69,14,39,46,61,57,41,10,40,67,59,45,51],"variants":{"heads-or-tails":{"result":"tails","heads":9,"tails":11}}},{"_type":"application/vnd.tabcorp.keno.game.complete","closed":"2021-09-08T19:21:20.032Z","game-number":685,"draw":[7,60,51,66,45,5,39,35,63,71,18,48,8,29,24,79,76,25,12,74],"variants":{"heads-or-tails":{"result":"evens","heads":10,"tails":10}}},{"_type":"application/vnd.tabcorp.keno.game.complete","closed":"2021-09-08T19:24:01.039Z","game-number":686,"draw":[1,29,13,68,2,19,56,51,27,53,52,78,75,50,37,21,74,23,71,67],"variants":{"heads-or-tails":{"result":"tails","heads":9,"tails":11}}},{"_type":"application/vnd.tabcorp.keno.game.complete","closed":"2021-09-08T19:26:40.159Z","game-number":687,"draw":[10,19,8,66,64,35,59,51,75,2,49,39,48,43,74,63,40,20,5,52],"variants":{"heads-or-tails":{"result":"tails","heads":9,"tails":11}}},{"_type":"application/vnd.tabcorp.keno.game.complete","closed":"2021-09-08T19:29:20.150Z","game-number":688,"draw":[41,54,45,73,37,24,78,46,17,2,21,32,35,63,25,6,44,3,56,34],"variants":{"heads-or-tails":{"result":"heads","heads":11,"tails":9}}},{"_type":"application/vnd.tabcorp.keno.game.complete","closed":"2021-09-08T19:32:00.992Z","game-number":689,"draw":[78,64,47,50,19,59,29,28,12,70,21,42,49,63,13,74,5,55,60,9],"variants":{"heads-or-tails":{"result":"tails","heads":8,"tails":12}}},{"_type":"application/vnd.tabcorp.keno.game.complete","closed":"2021-09-08T19:34:40.107Z","game-number":690,"draw":[66,56,20,3,52,37,27,42,39,53,73,36,33,67,25,68,24,8,23,30],"variants":{"heads-or-tails":{"result":"heads","heads":12,"tails":8}}},{"_type":"application/vnd.tabcorp.keno.game.complete","closed":"2021-09-08T19:37:20.109Z","game-number":691,"draw":[33,47,77,9,78,62,16,20,74,39,52,73,43,37,32,15,10,58,25,5],"variants":{"heads-or-tails":{"result":"heads","heads":11,"tails":9}}},{"_type":"application/vnd.tabcorp.keno.game.complete","closed":"2021-09-08T19:40:00.131Z","game-number":692,"draw":[67,2,72,24,69,73,71,17,68,64,74,66,16,58,23,62,61,47,65,30],"variants":{"heads-or-tails":{"result":"tails","heads":6,"tails":14}}},{"_type":"application/vnd.tabcorp.keno.game.complete","closed":"2021-09-08T19:42:40.131Z","game-number":693,"draw":[60,43,56,15,79,4,69,18,21,37,70,14,30,80,64,22,12,58,45,77],"variants":{"heads-or-tails":{"result":"tails","heads":9,"tails":11}}},{"_type":"application/vnd.tabcorp.keno.game.complete","closed":"2021-09-08T19:45:20.095Z","game-number":694,"draw":[49,62,52,11,12,39,38,60,25,47,14,5,13,28,69,10,29,36,33,58],"variants":{"heads-or-tails":{"result":"heads","heads":13,"tails":7}}},{"_type":"application/vnd.tabcorp.keno.game.complete","closed":"2021-09-08T19:48:01.064Z","game-number":695,"draw":[67,62,19,65,76,53,14,70,40,74,13,42,27,78,4,79,61,6,1,12],"variants":{"heads-or-tails":{"result":"tails","heads":9,"tails":11}}},{"_type":"application/vnd.tabcorp.keno.game.complete","closed":"2021-09-08T19:50:40.094Z","game-number":696,"draw":[64,28,47,24,72,15,63,60,8,3,1,71,40,62,51,39,6,32,69,70],"variants":{"heads-or-tails":{"result":"evens","heads":10,"tails":10}}},{"_type":"application/vnd.tabcorp.keno.game.complete","closed":"2021-09-08T19:53:20.965Z","game-number":697,"draw":[55,73,69,72,58,78,61,7,42,79,2,57,13,30,37,49,4,70,41,38],"variants":{"heads-or-tails":{"result":"tails","heads":7,"tails":13}}},{"_type":"application/vnd.tabcorp.keno.game.complete","closed":"2021-09-08T19:56:00.103Z","game-number":698,"draw":[65,57,8,59,78,7,43,26,73,66,45,33,15,10,31,56,22,29,17,9],"variants":{"heads-or-tails":{"result":"heads","heads":11,"tails":9}}},{"_type":"application/vnd.tabcorp.keno.game.complete","closed":"2021-09-08T19:58:40.096Z","game-number":699,"draw":[31,21,29,77,47,60,53,74,13,56,19,34,4,80,24,39,35,30,75,51],"variants":{"heads-or-tails":{"result":"heads","heads":11,"tails":9}}},{"_type":"application/vnd.tabcorp.keno.game.complete","closed":"2021-09-08T20:01:21.095Z","game-number":700,"draw":[13,39,20,70,32,24,42,58,45,72,9,3,31,7,19,75,68,61,64,22],"variants":{"heads-or-tails":{"result":"heads","heads":11,"tails":9}}},{"_type":"application/vnd.tabcorp.keno.game.complete","closed":"2021-09-08T20:04:00.134Z","game-number":701,"draw":[7,63,68,56,59,70,3,16,36,47,74,71,10,60,61,78,18,12,50,41],"variants":{"heads-or-tails":{"result":"tails","heads":7,"tails":13}}},{"_type":"application/vnd.tabcorp.keno.game.complete","closed":"2021-09-08T20:06:40.108Z","game-number":702,"draw":[71,5,7,48,53,47,4,2,41,13,31,18,10,24,70,25,14,54,40,38],"variants":{"heads-or-tails":{"result":"heads","heads":13,"tails":7}}},{"_type":"application/vnd.tabcorp.keno.game.complete","closed":"2021-09-08T20:09:20.095Z","game-number":703,"draw":[54,51,62,15,66,46,12,63,67,44,55,21,56,48,77,24,27,2,33,42],"variants":{"heads-or-tails":{"result":"tails","heads":7,"tails":13}}},{"_type":"application/vnd.tabcorp.keno.game.complete","closed":"2021-09-08T20:12:00.098Z","game-number":704,"draw":[65,42,31,70,38,62,50,80,37,20,13,26,18,51,47,5,16,11,4,75],"variants":{"heads-or-tails":{"result":"heads","heads":11,"tails":9}}},{"_type":"application/vnd.tabcorp.keno.game.complete","closed":"2021-09-08T20:14:41.045Z","game-number":705,"draw":[62,55,5,58,61,12,33,64,54,10,53,49,23,60,38,41,20,35,51,1],"variants":{"heads-or-tails":{"result":"tails","heads":9,"tails":11}}},{"_type":"application/vnd.tabcorp.keno.game.complete","closed":"2021-09-08T20:17:21.037Z","game-number":706,"draw":[34,70,76,59,26,42,75,2,20,22,69,74,14,28,43,61,44,65,15,78],"variants":{"heads-or-tails":{"result":"tails","heads":8,"tails":12}}},{"_type":"application/vnd.tabcorp.keno.game.complete","closed":"2021-09-08T20:20:00.136Z","game-number":707,"draw":[62,44,43,71,8,50,64,54,6,49,31,34,7,14,61,42,51,12,59,76],"variants":{"heads-or-tails":{"result":"tails","heads":7,"tails":13}}},{"_type":"application/vnd.tabcorp.keno.game.complete","closed":"2021-09-08T20:22:40.108Z","game-number":708,"draw":[32,59,36,64,24,74,25,51,5,47,39,46,34,44,35,54,13,48,2,9],"variants":{"heads-or-tails":{"result":"heads","heads":11,"tails":9}}},{"_type":"application/vnd.tabcorp.keno.game.complete","closed":"2021-09-08T20:25:20.155Z","game-number":709,"draw":[13,79,11,77,68,37,24,40,5,7,73,49,6,76,15,64,44,31,18,34],"variants":{"heads-or-tails":{"result":"heads","heads":12,"tails":8}}},{"_type":"application/vnd.tabcorp.keno.game.complete","closed":"2021-09-08T20:28:00.126Z","game-number":710,"draw":[57,19,79,46,71,48,26,44,61,1,20,12,69,23,64,41,17,2,49,35],"variants":{"heads-or-tails":{"result":"tails","heads":9,"tails":11}}},{"_type":"application/vnd.tabcorp.keno.game.complete","closed":"2021-09-08T20:30:40.120Z","game-number":711,"draw":[34,48,79,20,1,45,71,15,51,19,37,22,9,64,50,4,72,57,31,32],"variants":{"heads-or-tails":{"result":"heads","heads":11,"tails":9}}},{"_type":"application/vnd.tabcorp.keno.game.complete","closed":"2021-09-08T20:33:20.090Z","game-number":712,"draw":[34,55,38,76,1,43,28,12,20,56,33,30,11,59,73,17,67,63,22,42],"variants":{"heads-or-tails":{"result":"heads","heads":11,"tails":9}}},{"_type":"application/vnd.tabcorp.keno.game.complete","closed":"2021-09-08T20:36:00.068Z","game-number":713,"draw":[73,13,31,36,66,1,62,79,77,2,15,43,58,57,9,41,38,68,46,26],"variants":{"heads-or-tails":{"result":"tails","heads":9,"tails":11}}},{"_type":"application/vnd.tabcorp.keno.game.complete","closed":"2021-09-08T20:38:40.925Z","game-number":714,"draw":[68,42,18,49,23,43,73,79,7,31,8,58,26,54,28,9,80,14,72,69],"variants":{"heads-or-tails":{"result":"tails","heads":9,"tails":11}}},{"_type":"application/vnd.tabcorp.keno.game.complete","closed":"2021-09-08T20:41:20.125Z","game-number":715,"draw":[30,50,64,22,1,27,46,66,34,40,67,14,16,24,80,58,55,39,79,65],"variants":{"heads-or-tails":{"result":"evens","heads":10,"tails":10}}},{"_type":"application/vnd.tabcorp.keno.game.complete","closed":"2021-09-08T20:44:01.018Z","game-number":716,"draw":[74,69,58,19,26,76,16,60,7,24,12,79,44,38,3,46,36,18,68,27],"variants":{"heads-or-tails":{"result":"heads","heads":11,"tails":9}}},{"_type":"application/vnd.tabcorp.keno.game.complete","closed":"2021-09-08T20:46:40.059Z","game-number":717,"draw":[79,69,76,66,43,56,63,5,40,48,75,20,74,14,77,19,21,4,15,45],"variants":{"heads-or-tails":{"result":"tails","heads":8,"tails":12}}},{"_type":"application/vnd.tabcorp.keno.game.complete","closed":"2021-09-08T20:49:21.031Z","game-number":718,"draw":[54,31,13,56,64,24,79,63,62,53,61,6,23,17,45,9,69,59,25,68],"variants":{"heads-or-tails":{"result":"tails","heads":8,"tails":12}}},{"_type":"application/vnd.tabcorp.keno.game.complete","closed":"2021-09-08T20:52:00.040Z","game-number":719,"draw":[41,61,48,17,71,5,37,56,60,28,36,6,53,62,42,58,47,67,51,9],"variants":{"heads-or-tails":{"result":"tails","heads":7,"tails":13}}},{"_type":"application/vnd.tabcorp.keno.game.complete","closed":"2021-09-08T20:54:40.069Z","game-number":720,"draw":[27,40,52,11,50,10,24,44,73,46,56,35,53,23,58,61,62,25,8,63],"variants":{"heads-or-tails":{"result":"tails","heads":9,"tails":11}}},{"_type":"application/vnd.tabcorp.keno.game.complete","closed":"2021-09-08T20:57:20.249Z","game-number":721,"draw":[18,50,37,61,51,69,64,27,34,53,67,11,10,56,60,4,2,20,73,47],"variants":{"heads-or-tails":{"result":"tails","heads":9,"tails":11}}},{"_type":"application/vnd.tabcorp.keno.game.complete","closed":"2021-09-08T21:00:00.130Z","game-number":722,"draw":[75,13,47,45,79,80,24,54,65,7,57,62,71,20,18,50,48,53,76,30],"variants":{"heads-or-tails":{"result":"tails","heads":6,"tails":14}}},{"_type":"application/vnd.tabcorp.keno.game.complete","closed":"2021-09-08T21:02:40.990Z","game-number":723,"draw":[40,71,46,28,75,6,42,53,70,11,8,30,59,72,38,78,50,31,3,66],"variants":{"heads-or-tails":{"result":"tails","heads":9,"tails":11}}},{"_type":"application/vnd.tabcorp.keno.game.complete","closed":"2021-09-08T21:05:20.104Z","game-number":724,"draw":[44,79,14,35,64,40,19,31,4,29,71,55,60,57,75,59,77,20,22,58],"variants":{"heads-or-tails":{"result":"tails","heads":9,"tails":11}}},{"_type":"application/vnd.tabcorp.keno.game.complete","closed":"2021-09-08T21:08:00.101Z","game-number":725,"draw":[51,32,72,78,7,54,75,77,42,68,61,15,28,40,73,70,24,14,57,26],"variants":{"heads-or-tails":{"result":"tails","heads":8,"tails":12}}},{"_type":"application/vnd.tabcorp.keno.game.complete","closed":"2021-09-08T21:10:40.945Z","game-number":726,"draw":[30,12,80,37,29,71,73,36,61,76,42,24,46,3,4,54,33,43,32,47],"variants":{"heads-or-tails":{"result":"evens","heads":10,"tails":10}}},{"_type":"application/vnd.tabcorp.keno.game.complete","closed":"2021-09-08T21:13:20.215Z","game-number":727,"draw":[68,59,70,1,15,9,41,23,22,30,17,57,6,63,66,79,27,34,60,54],"variants":{"heads-or-tails":{"result":"evens","heads":10,"tails":10}}},{"_type":"application/vnd.tabcorp.keno.game.complete","closed":"2021-09-08T21:16:00.074Z","game-number":728,"draw":[29,54,58,48,39,61,55,74,14,37,25,28,60,43,30,44,52,50,23,41],"variants":{"heads-or-tails":{"result":"tails","heads":8,"tails":12}}},{"_type":"application/vnd.tabcorp.keno.game.complete","closed":"2021-09-08T21:18:40.914Z","game-number":729,"draw":[15,23,24,39,44,34,45,61,79,1,65,49,78,35,10,28,3,52,71,41],"variants":{"heads-or-tails":{"result":"evens","heads":10,"tails":10}}},{"_type":"application/vnd.tabcorp.keno.game.complete","closed":"2021-09-08T21:21:20.076Z","game-number":730,"draw":[35,21,54,60,18,74,62,5,47,9,50,58,64,42,77,44,34,2,41,51],"variants":{"heads-or-tails":{"result":"tails","heads":7,"tails":13}}},{"_type":"application/vnd.tabcorp.keno.game.complete","closed":"2021-09-08T21:24:00.110Z","game-number":731,"draw":[20,19,43,35,63,22,68,56,30,36,25,64,55,66,79,54,62,80,18,11],"variants":{"heads-or-tails":{"result":"tails","heads":9,"tails":11}}},{"_type":"application/vnd.tabcorp.keno.game.complete","closed":"2021-09-08T21:26:41.036Z","game-number":732,"draw":[54,27,28,33,76,51,8,13,37,74,11,45,10,66,57,24,25,41,30,21],"variants":{"heads-or-tails":{"result":"heads","heads":12,"tails":8}}},{"_type":"application/vnd.tabcorp.keno.game.complete","closed":"2021-09-08T21:29:20.993Z","game-number":733,"draw":[23,54,9,52,30,26,60,25,58,63,72,33,40,38,31,13,24,1,67,46],"variants":{"heads-or-tails":{"result":"heads","heads":12,"tails":8}}},{"_type":"application/vnd.tabcorp.keno.game.complete","closed":"2021-09-08T21:32:00.127Z","game-number":734,"draw":[75,37,12,8,70,38,45,26,33,32,50,15,52,51,57,63,80,27,48,14],"variants":{"heads-or-tails":{"result":"evens","heads":10,"tails":10}}}]}