{"_type":"application/vnd.tabcorp.keno.jackpots","_self":"https://api-info-act.keno.com.au/v2/info/jackpots?jurisdiction=ACT","jackpots":{"zero-spot":{"base":"0.00","next":"0.00"},"seven-spot":{"base":"6638.46","next":"6644.36"},"eight-spot":{"base":"51826.41","next":"51831.11"},"nine-spot":{"base":"152821.61","next":"152822.91"},"ten-spot":{"base":"1071597.81","next":"1071607.11"},"zero-spot-mm":{"base":"0.00","next":"0.00"},"seven-spot-mm":{"base":"17130.76","next":"17133.16"},"eight-spot-mm":{"base":"100481.10","next":"100482.30"},"nine-spot-mm":{"base":"341346.57","next":"341347.83"},"ten-spot-mm":{"base":"6143313.11","next":"6143317.59"}}}