{"_type":"application/vnd.tabcorp.keno.kds","_self":"https://api-info-act.keno.com.au/v2/games/kds?jurisdiction=ACT","current":{"game-number":479,"closed":"2021-11-07T22:18:40.260Z","draw":[27,75,10,66,40,8,34,56,44,23,6,70,26,13,22,1,48,64,36,17],"variants":{"heads-or-tails":{"result":"heads","heads":13,"tails":7}},"receivedDrawingAt":"2021-11-07T22:18:42.120Z","_type":"application/vnd.tabcorp.keno.game.drawing"},"selling":{"game-number":480,"opened":"2021-11-07T22:18:40.260Z","closing":"2021-11-07T22:21:20.260Z","jackpots":{"zero-spot":{"base":"0.00","next":"0.00"},"seven-spot":{"base":"6589.36","next":"6598.46"},"eight-spot":{"base":"51795.81","next":"51800.81"},"nine-spot":{"base":"152812.41","next":"152814.31"},"ten-spot":{"base":"1071548.31","next":"1071554.41"},"zero-spot-mm":{"base":"0.00","next":"0.00"},"seven-spot-mm":{"base":"17060.36","next":"17062.76"},"eight-spot-mm":{"base":"100472.70","next":"100474.10"},"nine-spot-mm":{"base":"341337.21","next":"341338.83"},"ten-spot-mm":{"base":"6143285.27","next":"6143290.39"}},"receivedSellingAt":"2021-11-07T22:18:40.260Z","_type":"application/vnd.tabcorp.keno.game.selling"}}