{"_href":"https://api-info-act.keno.com.au/v2/info/trends?jurisdiction=ACT","_type":"application/vnd.tabcorp.keno.collection;content=application/vnd.tabcorp.keno.game.complete","items":[{"_type":"application/vnd.tabcorp.keno.game.complete","closed":"2021-11-07T22:32:01.018Z","game-number":484,"draw":[6,64,53,7,22,11,67,8,42,21,46,35,68,47,20,13,61,31,40,4],"variants":{"heads-or-tails":{"result":"heads","heads":12,"tails":8}}},{"_type":"application/vnd.tabcorp.keno.game.complete","closed":"2021-11-07T22:29:21.053Z","game-number":483,"draw":[31,68,7,3,64,53,67,74,77,46,78,38,26,32,60,47,50,44,51,5],"variants":{"heads-or-tails":{"result":"tails","heads":7,"tails":13}}},{"_type":"application/vnd.tabcorp.keno.game.complete","closed":"2021-11-07T22:26:41.051Z","game-number":482,"draw":[43,44,39,71,38,20,59,29,21,62,66,34,70,64,51,78,32,13,24,7],"variants":{"heads-or-tails":{"result":"evens","heads":10,"tails":10}}},{"_type":"application/vnd.tabcorp.keno.game.complete","closed":"2021-11-07T22:24:01.023Z","game-number":481,"draw":[19,26,78,76,20,47,38,41,25,9,1,12,63,11,55,42,73,3,64,69],"variants":{"heads-or-tails":{"result":"evens","heads":10,"tails":10}}},{"_type":"application/vnd.tabcorp.keno.game.complete","closed":"2021-11-07T22:21:20.153Z","game-number":480,"draw":[8,41,19,72,58,57,69,63,62,59,77,32,43,50,34,78,26,68,44,64],"variants":{"heads-or-tails":{"result":"tails","heads":5,"tails":15}}},{"_type":"application/vnd.tabcorp.keno.game.complete","closed":"2021-11-07T22:18:40.260Z","game-number":479,"draw":[27,75,10,66,40,8,34,56,44,23,6,70,26,13,22,1,48,64,36,17],"variants":{"heads-or-tails":{"result":"heads","heads":13,"tails":7}}},{"_type":"application/vnd.tabcorp.keno.game.complete","closed":"2021-11-07T22:16:00.073Z","game-number":478,"draw":[56,29,64,30,6,18,44,16,61,69,76,12,21,33,45,53,79,11,27,60],"variants":{"heads-or-tails":{"result":"evens","heads":10,"tails":10}}},{"_type":"application/vnd.tabcorp.keno.game.complete","closed":"2021-11-07T22:13:20.089Z","game-number":477,"draw":[22,39,2,26,1,14,41,9,53,7,17,33,62,50,49,68,74,32,51,55],"variants":{"heads-or-tails":{"result":"heads","heads":11,"tails":9}}}]}